level,difficulty,enemy_hp,enemy_damage,move_limit,obstacle_density,spawn_rate,skill_required,flow_status,unlock
1,{LEVEL_1_DIFFICULTY},{LEVEL_1_HP},{LEVEL_1_DAMAGE},{LEVEL_1_MOVES},{LEVEL_1_OBSTACLES},{LEVEL_1_SPAWN},{LEVEL_1_SKILL},FLOW,{LEVEL_1_UNLOCK}
2,{LEVEL_2_DIFFICULTY},{LEVEL_2_HP},{LEVEL_2_DAMAGE},{LEVEL_2_MOVES},{LEVEL_2_OBSTACLES},{LEVEL_2_SPAWN},{LEVEL_2_SKILL},FLOW,{LEVEL_2_UNLOCK}
3,{LEVEL_3_DIFFICULTY},{LEVEL_3_HP},{LEVEL_3_DAMAGE},{LEVEL_3_MOVES},{LEVEL_3_OBSTACLES},{LEVEL_3_SPAWN},{LEVEL_3_SKILL},FLOW,{LEVEL_3_UNLOCK}
4,{LEVEL_4_DIFFICULTY},{LEVEL_4_HP},{LEVEL_4_DAMAGE},{LEVEL_4_MOVES},{LEVEL_4_OBSTACLES},{LEVEL_4_SPAWN},{LEVEL_4_SKILL},FLOW,{LEVEL_4_UNLOCK}
5,{LEVEL_5_DIFFICULTY},{LEVEL_5_HP},{LEVEL_5_DAMAGE},{LEVEL_5_MOVES},{LEVEL_5_OBSTACLES},{LEVEL_5_SPAWN},{LEVEL_5_SKILL},FLOW,{LEVEL_5_UNLOCK}
6,{LEVEL_6_DIFFICULTY},{LEVEL_6_HP},{LEVEL_6_DAMAGE},{LEVEL_6_MOVES},{LEVEL_6_OBSTACLES},{LEVEL_6_SPAWN},{LEVEL_6_SKILL},FLOW,{LEVEL_6_UNLOCK}
7,{LEVEL_7_DIFFICULTY},{LEVEL_7_HP},{LEVEL_7_DAMAGE},{LEVEL_7_MOVES},{LEVEL_7_OBSTACLES},{LEVEL_7_SPAWN},{LEVEL_7_SKILL},FLOW,{LEVEL_7_UNLOCK}
8,{LEVEL_8_DIFFICULTY},{LEVEL_8_HP},{LEVEL_8_DAMAGE},{LEVEL_8_MOVES},{LEVEL_8_OBSTACLES},{LEVEL_8_SPAWN},{LEVEL_8_SKILL},FLOW,{LEVEL_8_UNLOCK}
9,{LEVEL_9_DIFFICULTY},{LEVEL_9_HP},{LEVEL_9_DAMAGE},{LEVEL_9_MOVES},{LEVEL_9_OBSTACLES},{LEVEL_9_SPAWN},{LEVEL_9_SKILL},FLOW,{LEVEL_9_UNLOCK}
10,{LEVEL_10_DIFFICULTY},{LEVEL_10_HP},{LEVEL_10_DAMAGE},{LEVEL_10_MOVES},{LEVEL_10_OBSTACLES},{LEVEL_10_SPAWN},{LEVEL_10_SKILL},FLOW,{LEVEL_10_UNLOCK}
11,{LEVEL_11_DIFFICULTY},{LEVEL_11_HP},{LEVEL_11_DAMAGE},{LEVEL_11_MOVES},{LEVEL_11_OBSTACLES},{LEVEL_11_SPAWN},{LEVEL_11_SKILL},FLOW,{LEVEL_11_UNLOCK}
12,{LEVEL_12_DIFFICULTY},{LEVEL_12_HP},{LEVEL_12_DAMAGE},{LEVEL_12_MOVES},{LEVEL_12_OBSTACLES},{LEVEL_12_SPAWN},{LEVEL_12_SKILL},FLOW,{LEVEL_12_UNLOCK}
13,{LEVEL_13_DIFFICULTY},{LEVEL_13_HP},{LEVEL_13_DAMAGE},{LEVEL_13_MOVES},{LEVEL_13_OBSTACLES},{LEVEL_13_SPAWN},{LEVEL_13_SKILL},FLOW,{LEVEL_13_UNLOCK}
14,{LEVEL_14_DIFFICULTY},{LEVEL_14_HP},{LEVEL_14_DAMAGE},{LEVEL_14_MOVES},{LEVEL_14_OBSTACLES},{LEVEL_14_SPAWN},{LEVEL_14_SKILL},FLOW,{LEVEL_14_UNLOCK}
15,{LEVEL_15_DIFFICULTY},{LEVEL_15_HP},{LEVEL_15_DAMAGE},{LEVEL_15_MOVES},{LEVEL_15_OBSTACLES},{LEVEL_15_SPAWN},{LEVEL_15_SKILL},FLOW,{LEVEL_15_UNLOCK}
16,{LEVEL_16_DIFFICULTY},{LEVEL_16_HP},{LEVEL_16_DAMAGE},{LEVEL_16_MOVES},{LEVEL_16_OBSTACLES},{LEVEL_16_SPAWN},{LEVEL_16_SKILL},FLOW,{LEVEL_16_UNLOCK}
17,{LEVEL_17_DIFFICULTY},{LEVEL_17_HP},{LEVEL_17_DAMAGE},{LEVEL_17_MOVES},{LEVEL_17_OBSTACLES},{LEVEL_17_SPAWN},{LEVEL_17_SKILL},FLOW,{LEVEL_17_UNLOCK}
18,{LEVEL_18_DIFFICULTY},{LEVEL_18_HP},{LEVEL_18_DAMAGE},{LEVEL_18_MOVES},{LEVEL_18_OBSTACLES},{LEVEL_18_SPAWN},{LEVEL_18_SKILL},FLOW,{LEVEL_18_UNLOCK}
19,{LEVEL_19_DIFFICULTY},{LEVEL_19_HP},{LEVEL_19_DAMAGE},{LEVEL_19_MOVES},{LEVEL_19_OBSTACLES},{LEVEL_19_SPAWN},{LEVEL_19_SKILL},FLOW,{LEVEL_19_UNLOCK}
20,{LEVEL_20_DIFFICULTY},{LEVEL_20_HP},{LEVEL_20_DAMAGE},{LEVEL_20_MOVES},{LEVEL_20_OBSTACLES},{LEVEL_20_SPAWN},{LEVEL_20_SKILL},FLOW,{LEVEL_20_UNLOCK}
21,{LEVEL_21_DIFFICULTY},{LEVEL_21_HP},{LEVEL_21_DAMAGE},{LEVEL_21_MOVES},{LEVEL_21_OBSTACLES},{LEVEL_21_SPAWN},{LEVEL_21_SKILL},FLOW,{LEVEL_21_UNLOCK}
22,{LEVEL_22_DIFFICULTY},{LEVEL_22_HP},{LEVEL_22_DAMAGE},{LEVEL_22_MOVES},{LEVEL_22_OBSTACLES},{LEVEL_22_SPAWN},{LEVEL_22_SKILL},FLOW,{LEVEL_22_UNLOCK}
23,{LEVEL_23_DIFFICULTY},{LEVEL_23_HP},{LEVEL_23_DAMAGE},{LEVEL_23_MOVES},{LEVEL_23_OBSTACLES},{LEVEL_23_SPAWN},{LEVEL_23_SKILL},FLOW,{LEVEL_23_UNLOCK}
24,{LEVEL_24_DIFFICULTY},{LEVEL_24_HP},{LEVEL_24_DAMAGE},{LEVEL_24_MOVES},{LEVEL_24_OBSTACLES},{LEVEL_24_SPAWN},{LEVEL_24_SKILL},FLOW,{LEVEL_24_UNLOCK}
25,{LEVEL_25_DIFFICULTY},{LEVEL_25_HP},{LEVEL_25_DAMAGE},{LEVEL_25_MOVES},{LEVEL_25_OBSTACLES},{LEVEL_25_SPAWN},{LEVEL_25_SKILL},FLOW,{LEVEL_25_UNLOCK}
26,{LEVEL_26_DIFFICULTY},{LEVEL_26_HP},{LEVEL_26_DAMAGE},{LEVEL_26_MOVES},{LEVEL_26_OBSTACLES},{LEVEL_26_SPAWN},{LEVEL_26_SKILL},FLOW,{LEVEL_26_UNLOCK}
27,{LEVEL_27_DIFFICULTY},{LEVEL_27_HP},{LEVEL_27_DAMAGE},{LEVEL_27_MOVES},{LEVEL_27_OBSTACLES},{LEVEL_27_SPAWN},{LEVEL_27_SKILL},FLOW,{LEVEL_27_UNLOCK}
28,{LEVEL_28_DIFFICULTY},{LEVEL_28_HP},{LEVEL_28_DAMAGE},{LEVEL_28_MOVES},{LEVEL_28_OBSTACLES},{LEVEL_28_SPAWN},{LEVEL_28_SKILL},FLOW,{LEVEL_28_UNLOCK}
29,{LEVEL_29_DIFFICULTY},{LEVEL_29_HP},{LEVEL_29_DAMAGE},{LEVEL_29_MOVES},{LEVEL_29_OBSTACLES},{LEVEL_29_SPAWN},{LEVEL_29_SKILL},FLOW,{LEVEL_29_UNLOCK}
30,{LEVEL_30_DIFFICULTY},{LEVEL_30_HP},{LEVEL_30_DAMAGE},{LEVEL_30_MOVES},{LEVEL_30_OBSTACLES},{LEVEL_30_SPAWN},{LEVEL_30_SKILL},FLOW,{LEVEL_30_UNLOCK}
31,{LEVEL_31_DIFFICULTY},{LEVEL_31_HP},{LEVEL_31_DAMAGE},{LEVEL_31_MOVES},{LEVEL_31_OBSTACLES},{LEVEL_31_SPAWN},{LEVEL_31_SKILL},FLOW,{LEVEL_31_UNLOCK}
32,{LEVEL_32_DIFFICULTY},{LEVEL_32_HP},{LEVEL_32_DAMAGE},{LEVEL_32_MOVES},{LEVEL_32_OBSTACLES},{LEVEL_32_SPAWN},{LEVEL_32_SKILL},FLOW,{LEVEL_32_UNLOCK}
33,{LEVEL_33_DIFFICULTY},{LEVEL_33_HP},{LEVEL_33_DAMAGE},{LEVEL_33_MOVES},{LEVEL_33_OBSTACLES},{LEVEL_33_SPAWN},{LEVEL_33_SKILL},FLOW,{LEVEL_33_UNLOCK}
34,{LEVEL_34_DIFFICULTY},{LEVEL_34_HP},{LEVEL_34_DAMAGE},{LEVEL_34_MOVES},{LEVEL_34_OBSTACLES},{LEVEL_34_SPAWN},{LEVEL_34_SKILL},FLOW,{LEVEL_34_UNLOCK}
35,{LEVEL_35_DIFFICULTY},{LEVEL_35_HP},{LEVEL_35_DAMAGE},{LEVEL_35_MOVES},{LEVEL_35_OBSTACLES},{LEVEL_35_SPAWN},{LEVEL_35_SKILL},FLOW,{LEVEL_35_UNLOCK}
36,{LEVEL_36_DIFFICULTY},{LEVEL_36_HP},{LEVEL_36_DAMAGE},{LEVEL_36_MOVES},{LEVEL_36_OBSTACLES},{LEVEL_36_SPAWN},{LEVEL_36_SKILL},FLOW,{LEVEL_36_UNLOCK}
37,{LEVEL_37_DIFFICULTY},{LEVEL_37_HP},{LEVEL_37_DAMAGE},{LEVEL_37_MOVES},{LEVEL_37_OBSTACLES},{LEVEL_37_SPAWN},{LEVEL_37_SKILL},FLOW,{LEVEL_37_UNLOCK}
38,{LEVEL_38_DIFFICULTY},{LEVEL_38_HP},{LEVEL_38_DAMAGE},{LEVEL_38_MOVES},{LEVEL_38_OBSTACLES},{LEVEL_38_SPAWN},{LEVEL_38_SKILL},FLOW,{LEVEL_38_UNLOCK}
39,{LEVEL_39_DIFFICULTY},{LEVEL_39_HP},{LEVEL_39_DAMAGE},{LEVEL_39_MOVES},{LEVEL_39_OBSTACLES},{LEVEL_39_SPAWN},{LEVEL_39_SKILL},FLOW,{LEVEL_39_UNLOCK}
40,{LEVEL_40_DIFFICULTY},{LEVEL_40_HP},{LEVEL_40_DAMAGE},{LEVEL_40_MOVES},{LEVEL_40_OBSTACLES},{LEVEL_40_SPAWN},{LEVEL_40_SKILL},FLOW,{LEVEL_40_UNLOCK}
41,{LEVEL_41_DIFFICULTY},{LEVEL_41_HP},{LEVEL_41_DAMAGE},{LEVEL_41_MOVES},{LEVEL_41_OBSTACLES},{LEVEL_41_SPAWN},{LEVEL_41_SKILL},FLOW,{LEVEL_41_UNLOCK}
42,{LEVEL_42_DIFFICULTY},{LEVEL_42_HP},{LEVEL_42_DAMAGE},{LEVEL_42_MOVES},{LEVEL_42_OBSTACLES},{LEVEL_42_SPAWN},{LEVEL_42_SKILL},FLOW,{LEVEL_42_UNLOCK}
43,{LEVEL_43_DIFFICULTY},{LEVEL_43_HP},{LEVEL_43_DAMAGE},{LEVEL_43_MOVES},{LEVEL_43_OBSTACLES},{LEVEL_43_SPAWN},{LEVEL_43_SKILL},FLOW,{LEVEL_43_UNLOCK}
44,{LEVEL_44_DIFFICULTY},{LEVEL_44_HP},{LEVEL_44_DAMAGE},{LEVEL_44_MOVES},{LEVEL_44_OBSTACLES},{LEVEL_44_SPAWN},{LEVEL_44_SKILL},FLOW,{LEVEL_44_UNLOCK}
45,{LEVEL_45_DIFFICULTY},{LEVEL_45_HP},{LEVEL_45_DAMAGE},{LEVEL_45_MOVES},{LEVEL_45_OBSTACLES},{LEVEL_45_SPAWN},{LEVEL_45_SKILL},FLOW,{LEVEL_45_UNLOCK}
46,{LEVEL_46_DIFFICULTY},{LEVEL_46_HP},{LEVEL_46_DAMAGE},{LEVEL_46_MOVES},{LEVEL_46_OBSTACLES},{LEVEL_46_SPAWN},{LEVEL_46_SKILL},FLOW,{LEVEL_46_UNLOCK}
47,{LEVEL_47_DIFFICULTY},{LEVEL_47_HP},{LEVEL_47_DAMAGE},{LEVEL_47_MOVES},{LEVEL_47_OBSTACLES},{LEVEL_47_SPAWN},{LEVEL_47_SKILL},FLOW,{LEVEL_47_UNLOCK}
48,{LEVEL_48_DIFFICULTY},{LEVEL_48_HP},{LEVEL_48_DAMAGE},{LEVEL_48_MOVES},{LEVEL_48_OBSTACLES},{LEVEL_48_SPAWN},{LEVEL_48_SKILL},FLOW,{LEVEL_48_UNLOCK}
49,{LEVEL_49_DIFFICULTY},{LEVEL_49_HP},{LEVEL_49_DAMAGE},{LEVEL_49_MOVES},{LEVEL_49_OBSTACLES},{LEVEL_49_SPAWN},{LEVEL_49_SKILL},FLOW,{LEVEL_49_UNLOCK}
50,{LEVEL_50_DIFFICULTY},{LEVEL_50_HP},{LEVEL_50_DAMAGE},{LEVEL_50_MOVES},{LEVEL_50_OBSTACLES},{LEVEL_50_SPAWN},{LEVEL_50_SKILL},FLOW,{LEVEL_50_UNLOCK}
51,{LEVEL_51_DIFFICULTY},{LEVEL_51_HP},{LEVEL_51_DAMAGE},{LEVEL_51_MOVES},{LEVEL_51_OBSTACLES},{LEVEL_51_SPAWN},{LEVEL_51_SKILL},FLOW,{LEVEL_51_UNLOCK}
52,{LEVEL_52_DIFFICULTY},{LEVEL_52_HP},{LEVEL_52_DAMAGE},{LEVEL_52_MOVES},{LEVEL_52_OBSTACLES},{LEVEL_52_SPAWN},{LEVEL_52_SKILL},FLOW,{LEVEL_52_UNLOCK}
53,{LEVEL_53_DIFFICULTY},{LEVEL_53_HP},{LEVEL_53_DAMAGE},{LEVEL_53_MOVES},{LEVEL_53_OBSTACLES},{LEVEL_53_SPAWN},{LEVEL_53_SKILL},FLOW,{LEVEL_53_UNLOCK}
54,{LEVEL_54_DIFFICULTY},{LEVEL_54_HP},{LEVEL_54_DAMAGE},{LEVEL_54_MOVES},{LEVEL_54_OBSTACLES},{LEVEL_54_SPAWN},{LEVEL_54_SKILL},FLOW,{LEVEL_54_UNLOCK}
55,{LEVEL_55_DIFFICULTY},{LEVEL_55_HP},{LEVEL_55_DAMAGE},{LEVEL_55_MOVES},{LEVEL_55_OBSTACLES},{LEVEL_55_SPAWN},{LEVEL_55_SKILL},FLOW,{LEVEL_55_UNLOCK}
56,{LEVEL_56_DIFFICULTY},{LEVEL_56_HP},{LEVEL_56_DAMAGE},{LEVEL_56_MOVES},{LEVEL_56_OBSTACLES},{LEVEL_56_SPAWN},{LEVEL_56_SKILL},FLOW,{LEVEL_56_UNLOCK}
57,{LEVEL_57_DIFFICULTY},{LEVEL_57_HP},{LEVEL_57_DAMAGE},{LEVEL_57_MOVES},{LEVEL_57_OBSTACLES},{LEVEL_57_SPAWN},{LEVEL_57_SKILL},FLOW,{LEVEL_57_UNLOCK}
58,{LEVEL_58_DIFFICULTY},{LEVEL_58_HP},{LEVEL_58_DAMAGE},{LEVEL_58_MOVES},{LEVEL_58_OBSTACLES},{LEVEL_58_SPAWN},{LEVEL_58_SKILL},FLOW,{LEVEL_58_UNLOCK}
59,{LEVEL_59_DIFFICULTY},{LEVEL_59_HP},{LEVEL_59_DAMAGE},{LEVEL_59_MOVES},{LEVEL_59_OBSTACLES},{LEVEL_59_SPAWN},{LEVEL_59_SKILL},FLOW,{LEVEL_59_UNLOCK}
60,{LEVEL_60_DIFFICULTY},{LEVEL_60_HP},{LEVEL_60_DAMAGE},{LEVEL_60_MOVES},{LEVEL_60_OBSTACLES},{LEVEL_60_SPAWN},{LEVEL_60_SKILL},FLOW,{LEVEL_60_UNLOCK}
61,{LEVEL_61_DIFFICULTY},{LEVEL_61_HP},{LEVEL_61_DAMAGE},{LEVEL_61_MOVES},{LEVEL_61_OBSTACLES},{LEVEL_61_SPAWN},{LEVEL_61_SKILL},FLOW,{LEVEL_61_UNLOCK}
62,{LEVEL_62_DIFFICULTY},{LEVEL_62_HP},{LEVEL_62_DAMAGE},{LEVEL_62_MOVES},{LEVEL_62_OBSTACLES},{LEVEL_62_SPAWN},{LEVEL_62_SKILL},FLOW,{LEVEL_62_UNLOCK}
63,{LEVEL_63_DIFFICULTY},{LEVEL_63_HP},{LEVEL_63_DAMAGE},{LEVEL_63_MOVES},{LEVEL_63_OBSTACLES},{LEVEL_63_SPAWN},{LEVEL_63_SKILL},FLOW,{LEVEL_63_UNLOCK}
64,{LEVEL_64_DIFFICULTY},{LEVEL_64_HP},{LEVEL_64_DAMAGE},{LEVEL_64_MOVES},{LEVEL_64_OBSTACLES},{LEVEL_64_SPAWN},{LEVEL_64_SKILL},FLOW,{LEVEL_64_UNLOCK}
65,{LEVEL_65_DIFFICULTY},{LEVEL_65_HP},{LEVEL_65_DAMAGE},{LEVEL_65_MOVES},{LEVEL_65_OBSTACLES},{LEVEL_65_SPAWN},{LEVEL_65_SKILL},FLOW,{LEVEL_65_UNLOCK}
66,{LEVEL_66_DIFFICULTY},{LEVEL_66_HP},{LEVEL_66_DAMAGE},{LEVEL_66_MOVES},{LEVEL_66_OBSTACLES},{LEVEL_66_SPAWN},{LEVEL_66_SKILL},FLOW,{LEVEL_66_UNLOCK}
67,{LEVEL_67_DIFFICULTY},{LEVEL_67_HP},{LEVEL_67_DAMAGE},{LEVEL_67_MOVES},{LEVEL_67_OBSTACLES},{LEVEL_67_SPAWN},{LEVEL_67_SKILL},FLOW,{LEVEL_67_UNLOCK}
68,{LEVEL_68_DIFFICULTY},{LEVEL_68_HP},{LEVEL_68_DAMAGE},{LEVEL_68_MOVES},{LEVEL_68_OBSTACLES},{LEVEL_68_SPAWN},{LEVEL_68_SKILL},FLOW,{LEVEL_68_UNLOCK}
69,{LEVEL_69_DIFFICULTY},{LEVEL_69_HP},{LEVEL_69_DAMAGE},{LEVEL_69_MOVES},{LEVEL_69_OBSTACLES},{LEVEL_69_SPAWN},{LEVEL_69_SKILL},FLOW,{LEVEL_69_UNLOCK}
70,{LEVEL_70_DIFFICULTY},{LEVEL_70_HP},{LEVEL_70_DAMAGE},{LEVEL_70_MOVES},{LEVEL_70_OBSTACLES},{LEVEL_70_SPAWN},{LEVEL_70_SKILL},FLOW,{LEVEL_70_UNLOCK}
71,{LEVEL_71_DIFFICULTY},{LEVEL_71_HP},{LEVEL_71_DAMAGE},{LEVEL_71_MOVES},{LEVEL_71_OBSTACLES},{LEVEL_71_SPAWN},{LEVEL_71_SKILL},FLOW,{LEVEL_71_UNLOCK}
72,{LEVEL_72_DIFFICULTY},{LEVEL_72_HP},{LEVEL_72_DAMAGE},{LEVEL_72_MOVES},{LEVEL_72_OBSTACLES},{LEVEL_72_SPAWN},{LEVEL_72_SKILL},FLOW,{LEVEL_72_UNLOCK}
73,{LEVEL_73_DIFFICULTY},{LEVEL_73_HP},{LEVEL_73_DAMAGE},{LEVEL_73_MOVES},{LEVEL_73_OBSTACLES},{LEVEL_73_SPAWN},{LEVEL_73_SKILL},FLOW,{LEVEL_73_UNLOCK}
74,{LEVEL_74_DIFFICULTY},{LEVEL_74_HP},{LEVEL_74_DAMAGE},{LEVEL_74_MOVES},{LEVEL_74_OBSTACLES},{LEVEL_74_SPAWN},{LEVEL_74_SKILL},FLOW,{LEVEL_74_UNLOCK}
75,{LEVEL_75_DIFFICULTY},{LEVEL_75_HP},{LEVEL_75_DAMAGE},{LEVEL_75_MOVES},{LEVEL_75_OBSTACLES},{LEVEL_75_SPAWN},{LEVEL_75_SKILL},FLOW,{LEVEL_75_UNLOCK}
76,{LEVEL_76_DIFFICULTY},{LEVEL_76_HP},{LEVEL_76_DAMAGE},{LEVEL_76_MOVES},{LEVEL_76_OBSTACLES},{LEVEL_76_SPAWN},{LEVEL_76_SKILL},FLOW,{LEVEL_76_UNLOCK}
77,{LEVEL_77_DIFFICULTY},{LEVEL_77_HP},{LEVEL_77_DAMAGE},{LEVEL_77_MOVES},{LEVEL_77_OBSTACLES},{LEVEL_77_SPAWN},{LEVEL_77_SKILL},FLOW,{LEVEL_77_UNLOCK}
78,{LEVEL_78_DIFFICULTY},{LEVEL_78_HP},{LEVEL_78_DAMAGE},{LEVEL_78_MOVES},{LEVEL_78_OBSTACLES},{LEVEL_78_SPAWN},{LEVEL_78_SKILL},FLOW,{LEVEL_78_UNLOCK}
79,{LEVEL_79_DIFFICULTY},{LEVEL_79_HP},{LEVEL_79_DAMAGE},{LEVEL_79_MOVES},{LEVEL_79_OBSTACLES},{LEVEL_79_SPAWN},{LEVEL_79_SKILL},FLOW,{LEVEL_79_UNLOCK}
80,{LEVEL_80_DIFFICULTY},{LEVEL_80_HP},{LEVEL_80_DAMAGE},{LEVEL_80_MOVES},{LEVEL_80_OBSTACLES},{LEVEL_80_SPAWN},{LEVEL_80_SKILL},FLOW,{LEVEL_80_UNLOCK}
81,{LEVEL_81_DIFFICULTY},{LEVEL_81_HP},{LEVEL_81_DAMAGE},{LEVEL_81_MOVES},{LEVEL_81_OBSTACLES},{LEVEL_81_SPAWN},{LEVEL_81_SKILL},FLOW,{LEVEL_81_UNLOCK}
82,{LEVEL_82_DIFFICULTY},{LEVEL_82_HP},{LEVEL_82_DAMAGE},{LEVEL_82_MOVES},{LEVEL_82_OBSTACLES},{LEVEL_82_SPAWN},{LEVEL_82_SKILL},FLOW,{LEVEL_82_UNLOCK}
83,{LEVEL_83_DIFFICULTY},{LEVEL_83_HP},{LEVEL_83_DAMAGE},{LEVEL_83_MOVES},{LEVEL_83_OBSTACLES},{LEVEL_83_SPAWN},{LEVEL_83_SKILL},FLOW,{LEVEL_83_UNLOCK}
84,{LEVEL_84_DIFFICULTY},{LEVEL_84_HP},{LEVEL_84_DAMAGE},{LEVEL_84_MOVES},{LEVEL_84_OBSTACLES},{LEVEL_84_SPAWN},{LEVEL_84_SKILL},FLOW,{LEVEL_84_UNLOCK}
85,{LEVEL_85_DIFFICULTY},{LEVEL_85_HP},{LEVEL_85_DAMAGE},{LEVEL_85_MOVES},{LEVEL_85_OBSTACLES},{LEVEL_85_SPAWN},{LEVEL_85_SKILL},FLOW,{LEVEL_85_UNLOCK}
86,{LEVEL_86_DIFFICULTY},{LEVEL_86_HP},{LEVEL_86_DAMAGE},{LEVEL_86_MOVES},{LEVEL_86_OBSTACLES},{LEVEL_86_SPAWN},{LEVEL_86_SKILL},FLOW,{LEVEL_86_UNLOCK}
87,{LEVEL_87_DIFFICULTY},{LEVEL_87_HP},{LEVEL_87_DAMAGE},{LEVEL_87_MOVES},{LEVEL_87_OBSTACLES},{LEVEL_87_SPAWN},{LEVEL_87_SKILL},FLOW,{LEVEL_87_UNLOCK}
88,{LEVEL_88_DIFFICULTY},{LEVEL_88_HP},{LEVEL_88_DAMAGE},{LEVEL_88_MOVES},{LEVEL_88_OBSTACLES},{LEVEL_88_SPAWN},{LEVEL_88_SKILL},FLOW,{LEVEL_88_UNLOCK}
89,{LEVEL_89_DIFFICULTY},{LEVEL_89_HP},{LEVEL_89_DAMAGE},{LEVEL_89_MOVES},{LEVEL_89_OBSTACLES},{LEVEL_89_SPAWN},{LEVEL_89_SKILL},FLOW,{LEVEL_89_UNLOCK}
90,{LEVEL_90_DIFFICULTY},{LEVEL_90_HP},{LEVEL_90_DAMAGE},{LEVEL_90_MOVES},{LEVEL_90_OBSTACLES},{LEVEL_90_SPAWN},{LEVEL_90_SKILL},FLOW,{LEVEL_90_UNLOCK}
91,{LEVEL_91_DIFFICULTY},{LEVEL_91_HP},{LEVEL_91_DAMAGE},{LEVEL_91_MOVES},{LEVEL_91_OBSTACLES},{LEVEL_91_SPAWN},{LEVEL_91_SKILL},FLOW,{LEVEL_91_UNLOCK}
92,{LEVEL_92_DIFFICULTY},{LEVEL_92_HP},{LEVEL_92_DAMAGE},{LEVEL_92_MOVES},{LEVEL_92_OBSTACLES},{LEVEL_92_SPAWN},{LEVEL_92_SKILL},FLOW,{LEVEL_92_UNLOCK}
93,{LEVEL_93_DIFFICULTY},{LEVEL_93_HP},{LEVEL_93_DAMAGE},{LEVEL_93_MOVES},{LEVEL_93_OBSTACLES},{LEVEL_93_SPAWN},{LEVEL_93_SKILL},FLOW,{LEVEL_93_UNLOCK}
94,{LEVEL_94_DIFFICULTY},{LEVEL_94_HP},{LEVEL_94_DAMAGE},{LEVEL_94_MOVES},{LEVEL_94_OBSTACLES},{LEVEL_94_SPAWN},{LEVEL_94_SKILL},FLOW,{LEVEL_94_UNLOCK}
95,{LEVEL_95_DIFFICULTY},{LEVEL_95_HP},{LEVEL_95_DAMAGE},{LEVEL_95_MOVES},{LEVEL_95_OBSTACLES},{LEVEL_95_SPAWN},{LEVEL_95_SKILL},FLOW,{LEVEL_95_UNLOCK}
96,{LEVEL_96_DIFFICULTY},{LEVEL_96_HP},{LEVEL_96_DAMAGE},{LEVEL_96_MOVES},{LEVEL_96_OBSTACLES},{LEVEL_96_SPAWN},{LEVEL_96_SKILL},FLOW,{LEVEL_96_UNLOCK}
97,{LEVEL_97_DIFFICULTY},{LEVEL_97_HP},{LEVEL_97_DAMAGE},{LEVEL_97_MOVES},{LEVEL_97_OBSTACLES},{LEVEL_97_SPAWN},{LEVEL_97_SKILL},FLOW,{LEVEL_97_UNLOCK}
98,{LEVEL_98_DIFFICULTY},{LEVEL_98_HP},{LEVEL_98_DAMAGE},{LEVEL_98_MOVES},{LEVEL_98_OBSTACLES},{LEVEL_98_SPAWN},{LEVEL_98_SKILL},FLOW,{LEVEL_98_UNLOCK}
99,{LEVEL_99_DIFFICULTY},{LEVEL_99_HP},{LEVEL_99_DAMAGE},{LEVEL_99_MOVES},{LEVEL_99_OBSTACLES},{LEVEL_99_SPAWN},{LEVEL_99_SKILL},FLOW,{LEVEL_99_UNLOCK}
100,{LEVEL_100_DIFFICULTY},{LEVEL_100_HP},{LEVEL_100_DAMAGE},{LEVEL_100_MOVES},{LEVEL_100_OBSTACLES},{LEVEL_100_SPAWN},{LEVEL_100_SKILL},FLOW,{LEVEL_100_UNLOCK}
101,{LEVEL_101_DIFFICULTY},{LEVEL_101_HP},{LEVEL_101_DAMAGE},{LEVEL_101_MOVES},{LEVEL_101_OBSTACLES},{LEVEL_101_SPAWN},{LEVEL_101_SKILL},FLOW,{LEVEL_101_UNLOCK}
102,{LEVEL_102_DIFFICULTY},{LEVEL_102_HP},{LEVEL_102_DAMAGE},{LEVEL_102_MOVES},{LEVEL_102_OBSTACLES},{LEVEL_102_SPAWN},{LEVEL_102_SKILL},FLOW,{LEVEL_102_UNLOCK}
103,{LEVEL_103_DIFFICULTY},{LEVEL_103_HP},{LEVEL_103_DAMAGE},{LEVEL_103_MOVES},{LEVEL_103_OBSTACLES},{LEVEL_103_SPAWN},{LEVEL_103_SKILL},FLOW,{LEVEL_103_UNLOCK}
104,{LEVEL_104_DIFFICULTY},{LEVEL_104_HP},{LEVEL_104_DAMAGE},{LEVEL_104_MOVES},{LEVEL_104_OBSTACLES},{LEVEL_104_SPAWN},{LEVEL_104_SKILL},FLOW,{LEVEL_104_UNLOCK}
105,{LEVEL_105_DIFFICULTY},{LEVEL_105_HP},{LEVEL_105_DAMAGE},{LEVEL_105_MOVES},{LEVEL_105_OBSTACLES},{LEVEL_105_SPAWN},{LEVEL_105_SKILL},FLOW,{LEVEL_105_UNLOCK}
106,{LEVEL_106_DIFFICULTY},{LEVEL_106_HP},{LEVEL_106_DAMAGE},{LEVEL_106_MOVES},{LEVEL_106_OBSTACLES},{LEVEL_106_SPAWN},{LEVEL_106_SKILL},FLOW,{LEVEL_106_UNLOCK}
107,{LEVEL_107_DIFFICULTY},{LEVEL_107_HP},{LEVEL_107_DAMAGE},{LEVEL_107_MOVES},{LEVEL_107_OBSTACLES},{LEVEL_107_SPAWN},{LEVEL_107_SKILL},FLOW,{LEVEL_107_UNLOCK}
108,{LEVEL_108_DIFFICULTY},{LEVEL_108_HP},{LEVEL_108_DAMAGE},{LEVEL_108_MOVES},{LEVEL_108_OBSTACLES},{LEVEL_108_SPAWN},{LEVEL_108_SKILL},FLOW,{LEVEL_108_UNLOCK}
109,{LEVEL_109_DIFFICULTY},{LEVEL_109_HP},{LEVEL_109_DAMAGE},{LEVEL_109_MOVES},{LEVEL_109_OBSTACLES},{LEVEL_109_SPAWN},{LEVEL_109_SKILL},FLOW,{LEVEL_109_UNLOCK}
110,{LEVEL_110_DIFFICULTY},{LEVEL_110_HP},{LEVEL_110_DAMAGE},{LEVEL_110_MOVES},{LEVEL_110_OBSTACLES},{LEVEL_110_SPAWN},{LEVEL_110_SKILL},FLOW,{LEVEL_110_UNLOCK}
111,{LEVEL_111_DIFFICULTY},{LEVEL_111_HP},{LEVEL_111_DAMAGE},{LEVEL_111_MOVES},{LEVEL_111_OBSTACLES},{LEVEL_111_SPAWN},{LEVEL_111_SKILL},FLOW,{LEVEL_111_UNLOCK}
112,{LEVEL_112_DIFFICULTY},{LEVEL_112_HP},{LEVEL_112_DAMAGE},{LEVEL_112_MOVES},{LEVEL_112_OBSTACLES},{LEVEL_112_SPAWN},{LEVEL_112_SKILL},FLOW,{LEVEL_112_UNLOCK}
113,{LEVEL_113_DIFFICULTY},{LEVEL_113_HP},{LEVEL_113_DAMAGE},{LEVEL_113_MOVES},{LEVEL_113_OBSTACLES},{LEVEL_113_SPAWN},{LEVEL_113_SKILL},FLOW,{LEVEL_113_UNLOCK}
114,{LEVEL_114_DIFFICULTY},{LEVEL_114_HP},{LEVEL_114_DAMAGE},{LEVEL_114_MOVES},{LEVEL_114_OBSTACLES},{LEVEL_114_SPAWN},{LEVEL_114_SKILL},FLOW,{LEVEL_114_UNLOCK}
115,{LEVEL_115_DIFFICULTY},{LEVEL_115_HP},{LEVEL_115_DAMAGE},{LEVEL_115_MOVES},{LEVEL_115_OBSTACLES},{LEVEL_115_SPAWN},{LEVEL_115_SKILL},FLOW,{LEVEL_115_UNLOCK}
116,{LEVEL_116_DIFFICULTY},{LEVEL_116_HP},{LEVEL_116_DAMAGE},{LEVEL_116_MOVES},{LEVEL_116_OBSTACLES},{LEVEL_116_SPAWN},{LEVEL_116_SKILL},FLOW,{LEVEL_116_UNLOCK}
117,{LEVEL_117_DIFFICULTY},{LEVEL_117_HP},{LEVEL_117_DAMAGE},{LEVEL_117_MOVES},{LEVEL_117_OBSTACLES},{LEVEL_117_SPAWN},{LEVEL_117_SKILL},FLOW,{LEVEL_117_UNLOCK}
118,{LEVEL_118_DIFFICULTY},{LEVEL_118_HP},{LEVEL_118_DAMAGE},{LEVEL_118_MOVES},{LEVEL_118_OBSTACLES},{LEVEL_118_SPAWN},{LEVEL_118_SKILL},FLOW,{LEVEL_118_UNLOCK}
119,{LEVEL_119_DIFFICULTY},{LEVEL_119_HP},{LEVEL_119_DAMAGE},{LEVEL_119_MOVES},{LEVEL_119_OBSTACLES},{LEVEL_119_SPAWN},{LEVEL_119_SKILL},FLOW,{LEVEL_119_UNLOCK}
120,{LEVEL_120_DIFFICULTY},{LEVEL_120_HP},{LEVEL_120_DAMAGE},{LEVEL_120_MOVES},{LEVEL_120_OBSTACLES},{LEVEL_120_SPAWN},{LEVEL_120_SKILL},FLOW,{LEVEL_120_UNLOCK}
121,{LEVEL_121_DIFFICULTY},{LEVEL_121_HP},{LEVEL_121_DAMAGE},{LEVEL_121_MOVES},{LEVEL_121_OBSTACLES},{LEVEL_121_SPAWN},{LEVEL_121_SKILL},FLOW,{LEVEL_121_UNLOCK}
122,{LEVEL_122_DIFFICULTY},{LEVEL_122_HP},{LEVEL_122_DAMAGE},{LEVEL_122_MOVES},{LEVEL_122_OBSTACLES},{LEVEL_122_SPAWN},{LEVEL_122_SKILL},FLOW,{LEVEL_122_UNLOCK}
123,{LEVEL_123_DIFFICULTY},{LEVEL_123_HP},{LEVEL_123_DAMAGE},{LEVEL_123_MOVES},{LEVEL_123_OBSTACLES},{LEVEL_123_SPAWN},{LEVEL_123_SKILL},FLOW,{LEVEL_123_UNLOCK}
124,{LEVEL_124_DIFFICULTY},{LEVEL_124_HP},{LEVEL_124_DAMAGE},{LEVEL_124_MOVES},{LEVEL_124_OBSTACLES},{LEVEL_124_SPAWN},{LEVEL_124_SKILL},FLOW,{LEVEL_124_UNLOCK}
125,{LEVEL_125_DIFFICULTY},{LEVEL_125_HP},{LEVEL_125_DAMAGE},{LEVEL_125_MOVES},{LEVEL_125_OBSTACLES},{LEVEL_125_SPAWN},{LEVEL_125_SKILL},FLOW,{LEVEL_125_UNLOCK}
126,{LEVEL_126_DIFFICULTY},{LEVEL_126_HP},{LEVEL_126_DAMAGE},{LEVEL_126_MOVES},{LEVEL_126_OBSTACLES},{LEVEL_126_SPAWN},{LEVEL_126_SKILL},FLOW,{LEVEL_126_UNLOCK}
127,{LEVEL_127_DIFFICULTY},{LEVEL_127_HP},{LEVEL_127_DAMAGE},{LEVEL_127_MOVES},{LEVEL_127_OBSTACLES},{LEVEL_127_SPAWN},{LEVEL_127_SKILL},FLOW,{LEVEL_127_UNLOCK}
128,{LEVEL_128_DIFFICULTY},{LEVEL_128_HP},{LEVEL_128_DAMAGE},{LEVEL_128_MOVES},{LEVEL_128_OBSTACLES},{LEVEL_128_SPAWN},{LEVEL_128_SKILL},FLOW,{LEVEL_128_UNLOCK}
129,{LEVEL_129_DIFFICULTY},{LEVEL_129_HP},{LEVEL_129_DAMAGE},{LEVEL_129_MOVES},{LEVEL_129_OBSTACLES},{LEVEL_129_SPAWN},{LEVEL_129_SKILL},FLOW,{LEVEL_129_UNLOCK}
130,{LEVEL_130_DIFFICULTY},{LEVEL_130_HP},{LEVEL_130_DAMAGE},{LEVEL_130_MOVES},{LEVEL_130_OBSTACLES},{LEVEL_130_SPAWN},{LEVEL_130_SKILL},FLOW,{LEVEL_130_UNLOCK}
131,{LEVEL_131_DIFFICULTY},{LEVEL_131_HP},{LEVEL_131_DAMAGE},{LEVEL_131_MOVES},{LEVEL_131_OBSTACLES},{LEVEL_131_SPAWN},{LEVEL_131_SKILL},FLOW,{LEVEL_131_UNLOCK}
132,{LEVEL_132_DIFFICULTY},{LEVEL_132_HP},{LEVEL_132_DAMAGE},{LEVEL_132_MOVES},{LEVEL_132_OBSTACLES},{LEVEL_132_SPAWN},{LEVEL_132_SKILL},FLOW,{LEVEL_132_UNLOCK}
133,{LEVEL_133_DIFFICULTY},{LEVEL_133_HP},{LEVEL_133_DAMAGE},{LEVEL_133_MOVES},{LEVEL_133_OBSTACLES},{LEVEL_133_SPAWN},{LEVEL_133_SKILL},FLOW,{LEVEL_133_UNLOCK}
134,{LEVEL_134_DIFFICULTY},{LEVEL_134_HP},{LEVEL_134_DAMAGE},{LEVEL_134_MOVES},{LEVEL_134_OBSTACLES},{LEVEL_134_SPAWN},{LEVEL_134_SKILL},FLOW,{LEVEL_134_UNLOCK}
135,{LEVEL_135_DIFFICULTY},{LEVEL_135_HP},{LEVEL_135_DAMAGE},{LEVEL_135_MOVES},{LEVEL_135_OBSTACLES},{LEVEL_135_SPAWN},{LEVEL_135_SKILL},FLOW,{LEVEL_135_UNLOCK}
136,{LEVEL_136_DIFFICULTY},{LEVEL_136_HP},{LEVEL_136_DAMAGE},{LEVEL_136_MOVES},{LEVEL_136_OBSTACLES},{LEVEL_136_SPAWN},{LEVEL_136_SKILL},FLOW,{LEVEL_136_UNLOCK}
137,{LEVEL_137_DIFFICULTY},{LEVEL_137_HP},{LEVEL_137_DAMAGE},{LEVEL_137_MOVES},{LEVEL_137_OBSTACLES},{LEVEL_137_SPAWN},{LEVEL_137_SKILL},FLOW,{LEVEL_137_UNLOCK}
138,{LEVEL_138_DIFFICULTY},{LEVEL_138_HP},{LEVEL_138_DAMAGE},{LEVEL_138_MOVES},{LEVEL_138_OBSTACLES},{LEVEL_138_SPAWN},{LEVEL_138_SKILL},FLOW,{LEVEL_138_UNLOCK}
139,{LEVEL_139_DIFFICULTY},{LEVEL_139_HP},{LEVEL_139_DAMAGE},{LEVEL_139_MOVES},{LEVEL_139_OBSTACLES},{LEVEL_139_SPAWN},{LEVEL_139_SKILL},FLOW,{LEVEL_139_UNLOCK}
140,{LEVEL_140_DIFFICULTY},{LEVEL_140_HP},{LEVEL_140_DAMAGE},{LEVEL_140_MOVES},{LEVEL_140_OBSTACLES},{LEVEL_140_SPAWN},{LEVEL_140_SKILL},FLOW,{LEVEL_140_UNLOCK}
141,{LEVEL_141_DIFFICULTY},{LEVEL_141_HP},{LEVEL_141_DAMAGE},{LEVEL_141_MOVES},{LEVEL_141_OBSTACLES},{LEVEL_141_SPAWN},{LEVEL_141_SKILL},FLOW,{LEVEL_141_UNLOCK}
142,{LEVEL_142_DIFFICULTY},{LEVEL_142_HP},{LEVEL_142_DAMAGE},{LEVEL_142_MOVES},{LEVEL_142_OBSTACLES},{LEVEL_142_SPAWN},{LEVEL_142_SKILL},FLOW,{LEVEL_142_UNLOCK}
143,{LEVEL_143_DIFFICULTY},{LEVEL_143_HP},{LEVEL_143_DAMAGE},{LEVEL_143_MOVES},{LEVEL_143_OBSTACLES},{LEVEL_143_SPAWN},{LEVEL_143_SKILL},FLOW,{LEVEL_143_UNLOCK}
144,{LEVEL_144_DIFFICULTY},{LEVEL_144_HP},{LEVEL_144_DAMAGE},{LEVEL_144_MOVES},{LEVEL_144_OBSTACLES},{LEVEL_144_SPAWN},{LEVEL_144_SKILL},FLOW,{LEVEL_144_UNLOCK}
145,{LEVEL_145_DIFFICULTY},{LEVEL_145_HP},{LEVEL_145_DAMAGE},{LEVEL_145_MOVES},{LEVEL_145_OBSTACLES},{LEVEL_145_SPAWN},{LEVEL_145_SKILL},FLOW,{LEVEL_145_UNLOCK}
146,{LEVEL_146_DIFFICULTY},{LEVEL_146_HP},{LEVEL_146_DAMAGE},{LEVEL_146_MOVES},{LEVEL_146_OBSTACLES},{LEVEL_146_SPAWN},{LEVEL_146_SKILL},FLOW,{LEVEL_146_UNLOCK}
147,{LEVEL_147_DIFFICULTY},{LEVEL_147_HP},{LEVEL_147_DAMAGE},{LEVEL_147_MOVES},{LEVEL_147_OBSTACLES},{LEVEL_147_SPAWN},{LEVEL_147_SKILL},FLOW,{LEVEL_147_UNLOCK}
148,{LEVEL_148_DIFFICULTY},{LEVEL_148_HP},{LEVEL_148_DAMAGE},{LEVEL_148_MOVES},{LEVEL_148_OBSTACLES},{LEVEL_148_SPAWN},{LEVEL_148_SKILL},FLOW,{LEVEL_148_UNLOCK}
149,{LEVEL_149_DIFFICULTY},{LEVEL_149_HP},{LEVEL_149_DAMAGE},{LEVEL_149_MOVES},{LEVEL_149_OBSTACLES},{LEVEL_149_SPAWN},{LEVEL_149_SKILL},FLOW,{LEVEL_149_UNLOCK}
150,{LEVEL_150_DIFFICULTY},{LEVEL_150_HP},{LEVEL_150_DAMAGE},{LEVEL_150_MOVES},{LEVEL_150_OBSTACLES},{LEVEL_150_SPAWN},{LEVEL_150_SKILL},FLOW,{LEVEL_150_UNLOCK}
151,{LEVEL_151_DIFFICULTY},{LEVEL_151_HP},{LEVEL_151_DAMAGE},{LEVEL_151_MOVES},{LEVEL_151_OBSTACLES},{LEVEL_151_SPAWN},{LEVEL_151_SKILL},FLOW,{LEVEL_151_UNLOCK}
152,{LEVEL_152_DIFFICULTY},{LEVEL_152_HP},{LEVEL_152_DAMAGE},{LEVEL_152_MOVES},{LEVEL_152_OBSTACLES},{LEVEL_152_SPAWN},{LEVEL_152_SKILL},FLOW,{LEVEL_152_UNLOCK}
153,{LEVEL_153_DIFFICULTY},{LEVEL_153_HP},{LEVEL_153_DAMAGE},{LEVEL_153_MOVES},{LEVEL_153_OBSTACLES},{LEVEL_153_SPAWN},{LEVEL_153_SKILL},FLOW,{LEVEL_153_UNLOCK}
154,{LEVEL_154_DIFFICULTY},{LEVEL_154_HP},{LEVEL_154_DAMAGE},{LEVEL_154_MOVES},{LEVEL_154_OBSTACLES},{LEVEL_154_SPAWN},{LEVEL_154_SKILL},FLOW,{LEVEL_154_UNLOCK}
155,{LEVEL_155_DIFFICULTY},{LEVEL_155_HP},{LEVEL_155_DAMAGE},{LEVEL_155_MOVES},{LEVEL_155_OBSTACLES},{LEVEL_155_SPAWN},{LEVEL_155_SKILL},FLOW,{LEVEL_155_UNLOCK}
156,{LEVEL_156_DIFFICULTY},{LEVEL_156_HP},{LEVEL_156_DAMAGE},{LEVEL_156_MOVES},{LEVEL_156_OBSTACLES},{LEVEL_156_SPAWN},{LEVEL_156_SKILL},FLOW,{LEVEL_156_UNLOCK}
157,{LEVEL_157_DIFFICULTY},{LEVEL_157_HP},{LEVEL_157_DAMAGE},{LEVEL_157_MOVES},{LEVEL_157_OBSTACLES},{LEVEL_157_SPAWN},{LEVEL_157_SKILL},FLOW,{LEVEL_157_UNLOCK}
158,{LEVEL_158_DIFFICULTY},{LEVEL_158_HP},{LEVEL_158_DAMAGE},{LEVEL_158_MOVES},{LEVEL_158_OBSTACLES},{LEVEL_158_SPAWN},{LEVEL_158_SKILL},FLOW,{LEVEL_158_UNLOCK}
159,{LEVEL_159_DIFFICULTY},{LEVEL_159_HP},{LEVEL_159_DAMAGE},{LEVEL_159_MOVES},{LEVEL_159_OBSTACLES},{LEVEL_159_SPAWN},{LEVEL_159_SKILL},FLOW,{LEVEL_159_UNLOCK}
160,{LEVEL_160_DIFFICULTY},{LEVEL_160_HP},{LEVEL_160_DAMAGE},{LEVEL_160_MOVES},{LEVEL_160_OBSTACLES},{LEVEL_160_SPAWN},{LEVEL_160_SKILL},FLOW,{LEVEL_160_UNLOCK}
161,{LEVEL_161_DIFFICULTY},{LEVEL_161_HP},{LEVEL_161_DAMAGE},{LEVEL_161_MOVES},{LEVEL_161_OBSTACLES},{LEVEL_161_SPAWN},{LEVEL_161_SKILL},FLOW,{LEVEL_161_UNLOCK}
162,{LEVEL_162_DIFFICULTY},{LEVEL_162_HP},{LEVEL_162_DAMAGE},{LEVEL_162_MOVES},{LEVEL_162_OBSTACLES},{LEVEL_162_SPAWN},{LEVEL_162_SKILL},FLOW,{LEVEL_162_UNLOCK}
163,{LEVEL_163_DIFFICULTY},{LEVEL_163_HP},{LEVEL_163_DAMAGE},{LEVEL_163_MOVES},{LEVEL_163_OBSTACLES},{LEVEL_163_SPAWN},{LEVEL_163_SKILL},FLOW,{LEVEL_163_UNLOCK}
164,{LEVEL_164_DIFFICULTY},{LEVEL_164_HP},{LEVEL_164_DAMAGE},{LEVEL_164_MOVES},{LEVEL_164_OBSTACLES},{LEVEL_164_SPAWN},{LEVEL_164_SKILL},FLOW,{LEVEL_164_UNLOCK}
165,{LEVEL_165_DIFFICULTY},{LEVEL_165_HP},{LEVEL_165_DAMAGE},{LEVEL_165_MOVES},{LEVEL_165_OBSTACLES},{LEVEL_165_SPAWN},{LEVEL_165_SKILL},FLOW,{LEVEL_165_UNLOCK}
166,{LEVEL_166_DIFFICULTY},{LEVEL_166_HP},{LEVEL_166_DAMAGE},{LEVEL_166_MOVES},{LEVEL_166_OBSTACLES},{LEVEL_166_SPAWN},{LEVEL_166_SKILL},FLOW,{LEVEL_166_UNLOCK}
167,{LEVEL_167_DIFFICULTY},{LEVEL_167_HP},{LEVEL_167_DAMAGE},{LEVEL_167_MOVES},{LEVEL_167_OBSTACLES},{LEVEL_167_SPAWN},{LEVEL_167_SKILL},FLOW,{LEVEL_167_UNLOCK}
168,{LEVEL_168_DIFFICULTY},{LEVEL_168_HP},{LEVEL_168_DAMAGE},{LEVEL_168_MOVES},{LEVEL_168_OBSTACLES},{LEVEL_168_SPAWN},{LEVEL_168_SKILL},FLOW,{LEVEL_168_UNLOCK}
169,{LEVEL_169_DIFFICULTY},{LEVEL_169_HP},{LEVEL_169_DAMAGE},{LEVEL_169_MOVES},{LEVEL_169_OBSTACLES},{LEVEL_169_SPAWN},{LEVEL_169_SKILL},FLOW,{LEVEL_169_UNLOCK}
170,{LEVEL_170_DIFFICULTY},{LEVEL_170_HP},{LEVEL_170_DAMAGE},{LEVEL_170_MOVES},{LEVEL_170_OBSTACLES},{LEVEL_170_SPAWN},{LEVEL_170_SKILL},FLOW,{LEVEL_170_UNLOCK}
171,{LEVEL_171_DIFFICULTY},{LEVEL_171_HP},{LEVEL_171_DAMAGE},{LEVEL_171_MOVES},{LEVEL_171_OBSTACLES},{LEVEL_171_SPAWN},{LEVEL_171_SKILL},FLOW,{LEVEL_171_UNLOCK}
172,{LEVEL_172_DIFFICULTY},{LEVEL_172_HP},{LEVEL_172_DAMAGE},{LEVEL_172_MOVES},{LEVEL_172_OBSTACLES},{LEVEL_172_SPAWN},{LEVEL_172_SKILL},FLOW,{LEVEL_172_UNLOCK}
173,{LEVEL_173_DIFFICULTY},{LEVEL_173_HP},{LEVEL_173_DAMAGE},{LEVEL_173_MOVES},{LEVEL_173_OBSTACLES},{LEVEL_173_SPAWN},{LEVEL_173_SKILL},FLOW,{LEVEL_173_UNLOCK}
174,{LEVEL_174_DIFFICULTY},{LEVEL_174_HP},{LEVEL_174_DAMAGE},{LEVEL_174_MOVES},{LEVEL_174_OBSTACLES},{LEVEL_174_SPAWN},{LEVEL_174_SKILL},FLOW,{LEVEL_174_UNLOCK}
175,{LEVEL_175_DIFFICULTY},{LEVEL_175_HP},{LEVEL_175_DAMAGE},{LEVEL_175_MOVES},{LEVEL_175_OBSTACLES},{LEVEL_175_SPAWN},{LEVEL_175_SKILL},FLOW,{LEVEL_175_UNLOCK}
176,{LEVEL_176_DIFFICULTY},{LEVEL_176_HP},{LEVEL_176_DAMAGE},{LEVEL_176_MOVES},{LEVEL_176_OBSTACLES},{LEVEL_176_SPAWN},{LEVEL_176_SKILL},FLOW,{LEVEL_176_UNLOCK}
177,{LEVEL_177_DIFFICULTY},{LEVEL_177_HP},{LEVEL_177_DAMAGE},{LEVEL_177_MOVES},{LEVEL_177_OBSTACLES},{LEVEL_177_SPAWN},{LEVEL_177_SKILL},FLOW,{LEVEL_177_UNLOCK}
178,{LEVEL_178_DIFFICULTY},{LEVEL_178_HP},{LEVEL_178_DAMAGE},{LEVEL_178_MOVES},{LEVEL_178_OBSTACLES},{LEVEL_178_SPAWN},{LEVEL_178_SKILL},FLOW,{LEVEL_178_UNLOCK}
179,{LEVEL_179_DIFFICULTY},{LEVEL_179_HP},{LEVEL_179_DAMAGE},{LEVEL_179_MOVES},{LEVEL_179_OBSTACLES},{LEVEL_179_SPAWN},{LEVEL_179_SKILL},FLOW,{LEVEL_179_UNLOCK}
180,{LEVEL_180_DIFFICULTY},{LEVEL_180_HP},{LEVEL_180_DAMAGE},{LEVEL_180_MOVES},{LEVEL_180_OBSTACLES},{LEVEL_180_SPAWN},{LEVEL_180_SKILL},FLOW,{LEVEL_180_UNLOCK}
181,{LEVEL_181_DIFFICULTY},{LEVEL_181_HP},{LEVEL_181_DAMAGE},{LEVEL_181_MOVES},{LEVEL_181_OBSTACLES},{LEVEL_181_SPAWN},{LEVEL_181_SKILL},FLOW,{LEVEL_181_UNLOCK}
182,{LEVEL_182_DIFFICULTY},{LEVEL_182_HP},{LEVEL_182_DAMAGE},{LEVEL_182_MOVES},{LEVEL_182_OBSTACLES},{LEVEL_182_SPAWN},{LEVEL_182_SKILL},FLOW,{LEVEL_182_UNLOCK}
183,{LEVEL_183_DIFFICULTY},{LEVEL_183_HP},{LEVEL_183_DAMAGE},{LEVEL_183_MOVES},{LEVEL_183_OBSTACLES},{LEVEL_183_SPAWN},{LEVEL_183_SKILL},FLOW,{LEVEL_183_UNLOCK}
184,{LEVEL_184_DIFFICULTY},{LEVEL_184_HP},{LEVEL_184_DAMAGE},{LEVEL_184_MOVES},{LEVEL_184_OBSTACLES},{LEVEL_184_SPAWN},{LEVEL_184_SKILL},FLOW,{LEVEL_184_UNLOCK}
185,{LEVEL_185_DIFFICULTY},{LEVEL_185_HP},{LEVEL_185_DAMAGE},{LEVEL_185_MOVES},{LEVEL_185_OBSTACLES},{LEVEL_185_SPAWN},{LEVEL_185_SKILL},FLOW,{LEVEL_185_UNLOCK}
186,{LEVEL_186_DIFFICULTY},{LEVEL_186_HP},{LEVEL_186_DAMAGE},{LEVEL_186_MOVES},{LEVEL_186_OBSTACLES},{LEVEL_186_SPAWN},{LEVEL_186_SKILL},FLOW,{LEVEL_186_UNLOCK}
187,{LEVEL_187_DIFFICULTY},{LEVEL_187_HP},{LEVEL_187_DAMAGE},{LEVEL_187_MOVES},{LEVEL_187_OBSTACLES},{LEVEL_187_SPAWN},{LEVEL_187_SKILL},FLOW,{LEVEL_187_UNLOCK}
188,{LEVEL_188_DIFFICULTY},{LEVEL_188_HP},{LEVEL_188_DAMAGE},{LEVEL_188_MOVES},{LEVEL_188_OBSTACLES},{LEVEL_188_SPAWN},{LEVEL_188_SKILL},FLOW,{LEVEL_188_UNLOCK}
189,{LEVEL_189_DIFFICULTY},{LEVEL_189_HP},{LEVEL_189_DAMAGE},{LEVEL_189_MOVES},{LEVEL_189_OBSTACLES},{LEVEL_189_SPAWN},{LEVEL_189_SKILL},FLOW,{LEVEL_189_UNLOCK}
190,{LEVEL_190_DIFFICULTY},{LEVEL_190_HP},{LEVEL_190_DAMAGE},{LEVEL_190_MOVES},{LEVEL_190_OBSTACLES},{LEVEL_190_SPAWN},{LEVEL_190_SKILL},FLOW,{LEVEL_190_UNLOCK}
191,{LEVEL_191_DIFFICULTY},{LEVEL_191_HP},{LEVEL_191_DAMAGE},{LEVEL_191_MOVES},{LEVEL_191_OBSTACLES},{LEVEL_191_SPAWN},{LEVEL_191_SKILL},FLOW,{LEVEL_191_UNLOCK}
192,{LEVEL_192_DIFFICULTY},{LEVEL_192_HP},{LEVEL_192_DAMAGE},{LEVEL_192_MOVES},{LEVEL_192_OBSTACLES},{LEVEL_192_SPAWN},{LEVEL_192_SKILL},FLOW,{LEVEL_192_UNLOCK}
193,{LEVEL_193_DIFFICULTY},{LEVEL_193_HP},{LEVEL_193_DAMAGE},{LEVEL_193_MOVES},{LEVEL_193_OBSTACLES},{LEVEL_193_SPAWN},{LEVEL_193_SKILL},FLOW,{LEVEL_193_UNLOCK}
194,{LEVEL_194_DIFFICULTY},{LEVEL_194_HP},{LEVEL_194_DAMAGE},{LEVEL_194_MOVES},{LEVEL_194_OBSTACLES},{LEVEL_194_SPAWN},{LEVEL_194_SKILL},FLOW,{LEVEL_194_UNLOCK}
195,{LEVEL_195_DIFFICULTY},{LEVEL_195_HP},{LEVEL_195_DAMAGE},{LEVEL_195_MOVES},{LEVEL_195_OBSTACLES},{LEVEL_195_SPAWN},{LEVEL_195_SKILL},FLOW,{LEVEL_195_UNLOCK}
196,{LEVEL_196_DIFFICULTY},{LEVEL_196_HP},{LEVEL_196_DAMAGE},{LEVEL_196_MOVES},{LEVEL_196_OBSTACLES},{LEVEL_196_SPAWN},{LEVEL_196_SKILL},FLOW,{LEVEL_196_UNLOCK}
197,{LEVEL_197_DIFFICULTY},{LEVEL_197_HP},{LEVEL_197_DAMAGE},{LEVEL_197_MOVES},{LEVEL_197_OBSTACLES},{LEVEL_197_SPAWN},{LEVEL_197_SKILL},FLOW,{LEVEL_197_UNLOCK}
198,{LEVEL_198_DIFFICULTY},{LEVEL_198_HP},{LEVEL_198_DAMAGE},{LEVEL_198_MOVES},{LEVEL_198_OBSTACLES},{LEVEL_198_SPAWN},{LEVEL_198_SKILL},FLOW,{LEVEL_198_UNLOCK}
199,{LEVEL_199_DIFFICULTY},{LEVEL_199_HP},{LEVEL_199_DAMAGE},{LEVEL_199_MOVES},{LEVEL_199_OBSTACLES},{LEVEL_199_SPAWN},{LEVEL_199_SKILL},FLOW,{LEVEL_199_UNLOCK}
200,{LEVEL_200_DIFFICULTY},{LEVEL_200_HP},{LEVEL_200_DAMAGE},{LEVEL_200_MOVES},{LEVEL_200_OBSTACLES},{LEVEL_200_SPAWN},{LEVEL_200_SKILL},FLOW,{LEVEL_200_UNLOCK}
